epoch,step,val_loss
0,429,0.47932425141334534
1,859,0.33926939964294434
2,1289,0.2945578694343567
3,1719,0.268595814704895
4,2149,0.2545364201068878
